<keymap version="1" name="Default copy" parent="$default">
  <action id="ActivateLogcatToolWindow">
    <keyboard-shortcut first-keystroke="alt 6" />
  </action>
  <action id="ActivateTODOToolWindow" />
  <action id="ChangesView.GroupBy.Directory" />
  <action id="CloseContent" />
  <action id="EditorDeleteLine">
    <keyboard-shortcut first-keystroke="alt d" />
  </action>
  <action id="EditorLineEnd">
    <keyboard-shortcut first-keystroke="end" />
    <keyboard-shortcut first-keystroke="ctrl f" />
  </action>
  <action id="EditorSelectWord" />
  <action id="FileChooser.TogglePathShowing" />
  <action id="Find">
    <keyboard-shortcut first-keystroke="alt f3" />
  </action>
  <action id="JumpToLastWindow" />
  <action id="ParameterInfo" />
  <action id="SearchEverywhere">
    <keyboard-shortcut first-keystroke="alt space" />
    <keyboard-shortcut first-keystroke="ctrl p" />
  </action>
  <action id="TodoViewGroupByShowPackages" />
  <action id="ToggleBookmark" />
  <action id="ToggleDistractionFreeMode">
    <keyboard-shortcut first-keystroke="f10" />
  </action>
  <action id="ToggleFullScreen">
    <keyboard-shortcut first-keystroke="f11" />
  </action>
  <action id="TogglePresentationMode">
    <keyboard-shortcut first-keystroke="f12" />
  </action>
  <action id="Vcs.Log.GoToRef">
    <keyboard-shortcut first-keystroke="alt f3" />
  </action>
</keymap>